# Pathway	HSM5MD5X_Coverage
UNMAPPED	1.0000000000
UNINTEGRATED	1.0000000000
UNINTEGRATED|g__Akkermansia.s__Akkermansia_muciniphila	1.0000000000
UNINTEGRATED|g__Alistipes.s__Alistipes_finegoldii	1.0000000000
UNINTEGRATED|g__Alistipes.s__Alistipes_shahii	1.0000000000
UNINTEGRATED|g__Anaerostipes.s__Anaerostipes_hadrus	1.0000000000
UNINTEGRATED|g__Bacteroides.s__Bacteroides_caccae	1.0000000000
UNINTEGRATED|g__Bacteroides.s__Bacteroides_dorei	1.0000000000
UNINTEGRATED|g__Bacteroides.s__Bacteroides_fragilis	1.0000000000
UNINTEGRATED|g__Bacteroides.s__Bacteroides_ovatus	1.0000000000
UNINTEGRATED|g__Bacteroides.s__Bacteroides_stercoris	1.0000000000
UNINTEGRATED|g__Bacteroides.s__Bacteroides_thetaiotaomicron	1.0000000000
UNINTEGRATED|g__Bacteroides.s__Bacteroides_uniformis	1.0000000000
UNINTEGRATED|g__Bacteroides.s__Bacteroides_vulgatus	1.0000000000
UNINTEGRATED|g__Bacteroides.s__Bacteroides_xylanisolvens	1.0000000000
UNINTEGRATED|g__Bifidobacterium.s__Bifidobacterium_adolescentis	1.0000000000
UNINTEGRATED|g__Blautia.s__Ruminococcus_gnavus	1.0000000000
UNINTEGRATED|g__Blautia.s__Ruminococcus_obeum	1.0000000000
UNINTEGRATED|g__Blautia.s__Ruminococcus_torques	1.0000000000
UNINTEGRATED|g__Clostridiales_noname.s__Clostridiales_bacterium_1_7_47FAA	1.0000000000
UNINTEGRATED|g__Clostridium.s__Clostridium_bolteae	1.0000000000
UNINTEGRATED|g__Clostridium.s__Clostridium_clostridioforme	1.0000000000
UNINTEGRATED|g__Clostridium.s__Clostridium_hathewayi	1.0000000000
UNINTEGRATED|g__Clostridium.s__Clostridium_nexile	1.0000000000
UNINTEGRATED|g__Clostridium.s__Clostridium_symbiosum	1.0000000000
UNINTEGRATED|g__Collinsella.s__Collinsella_aerofaciens	1.0000000000
UNINTEGRATED|g__Coprococcus.s__Coprococcus_comes	1.0000000000
UNINTEGRATED|g__Coprococcus.s__Coprococcus_sp_ART55_1	1.0000000000
UNINTEGRATED|g__Dorea.s__Dorea_formicigenerans	1.0000000000
UNINTEGRATED|g__Dorea.s__Dorea_longicatena	1.0000000000
UNINTEGRATED|g__Escherichia.s__Escherichia_coli	1.0000000000
UNINTEGRATED|g__Eubacterium.s__Eubacterium_rectale	1.0000000000
UNINTEGRATED|g__Faecalibacterium.s__Faecalibacterium_prausnitzii	1.0000000000
UNINTEGRATED|g__Flavonifractor.s__Flavonifractor_plautii	1.0000000000
UNINTEGRATED|g__Haemophilus.s__Haemophilus_parainfluenzae	1.0000000000
UNINTEGRATED|g__Lachnospiraceae_noname.s__Lachnospiraceae_bacterium_7_1_58FAA	1.0000000000
UNINTEGRATED|g__Parabacteroides.s__Parabacteroides_distasonis	1.0000000000
UNINTEGRATED|g__Parabacteroides.s__Parabacteroides_sp_D13	1.0000000000
UNINTEGRATED|g__Prevotella.s__Prevotella_copri	1.0000000000
UNINTEGRATED|g__Roseburia.s__Roseburia_intestinalis	1.0000000000
UNINTEGRATED|g__Roseburia.s__Roseburia_inulinivorans	1.0000000000
UNINTEGRATED|g__Ruminococcus.s__Ruminococcus_bromii	1.0000000000
UNINTEGRATED|g__Ruminococcus.s__Ruminococcus_callidus	1.0000000000
UNINTEGRATED|g__Ruminococcus.s__Ruminococcus_lactaris	1.0000000000
UNINTEGRATED|g__Streptococcus.s__Streptococcus_parasanguinis	1.0000000000
UNINTEGRATED|g__Streptococcus.s__Streptococcus_salivarius	1.0000000000
UNINTEGRATED|g__Sutterella.s__Sutterella_wadsworthensis	1.0000000000
UNINTEGRATED|g__Veillonella.s__Veillonella_atypica	1.0000000000
UNINTEGRATED|g__Veillonella.s__Veillonella_dispar	1.0000000000
UNINTEGRATED|g__Veillonella.s__Veillonella_parvula	1.0000000000
UNINTEGRATED|unclassified	1.0000000000
PWY-7219: adenosine ribonucleotides de novo biosynthesis	1.0000000000
PWY-7219: adenosine ribonucleotides de novo biosynthesis|g__Bacteroides.s__Bacteroides_vulgatus	0.4867579950
PWY-7219: adenosine ribonucleotides de novo biosynthesis|g__Faecalibacterium.s__Faecalibacterium_prausnitzii	0.0139787012
PWY-7219: adenosine ribonucleotides de novo biosynthesis|g__Bacteroides.s__Bacteroides_ovatus	0.6669049609
PWY-7219: adenosine ribonucleotides de novo biosynthesis|g__Bacteroides.s__Bacteroides_xylanisolvens	0.0000000000
PWY-7219: adenosine ribonucleotides de novo biosynthesis|unclassified	0.9999998823
PWY-7219: adenosine ribonucleotides de novo biosynthesis|g__Sutterella.s__Sutterella_wadsworthensis	0.7342144504
PWY-7219: adenosine ribonucleotides de novo biosynthesis|g__Bacteroides.s__Bacteroides_uniformis	0.5561612403
PWY-7219: adenosine ribonucleotides de novo biosynthesis|g__Bacteroides.s__Bacteroides_fragilis	0.4844448453
PWY-7219: adenosine ribonucleotides de novo biosynthesis|g__Veillonella.s__Veillonella_atypica	0.2331763264
PWY-7219: adenosine ribonucleotides de novo biosynthesis|g__Veillonella.s__Veillonella_dispar	0.5705928436
PWY-7219: adenosine ribonucleotides de novo biosynthesis|g__Coprococcus.s__Coprococcus_sp_ART55_1	0.6127275123
PWY-7219: adenosine ribonucleotides de novo biosynthesis|g__Bacteroides.s__Bacteroides_stercoris	0.6714508541
PWY-7219: adenosine ribonucleotides de novo biosynthesis|g__Veillonella.s__Veillonella_parvula	0.8865224830
PWY-7219: adenosine ribonucleotides de novo biosynthesis|g__Blautia.s__Ruminococcus_torques	0.4214263687
PWY-7219: adenosine ribonucleotides de novo biosynthesis|g__Akkermansia.s__Akkermansia_muciniphila	0.0085781007
PWY-7219: adenosine ribonucleotides de novo biosynthesis|g__Parabacteroides.s__Parabacteroides_sp_D13	0.0000000010
PWY-7219: adenosine ribonucleotides de novo biosynthesis|g__Roseburia.s__Roseburia_intestinalis	0.7614997442
PWY-7219: adenosine ribonucleotides de novo biosynthesis|g__Clostridium.s__Clostridium_nexile	0.0640570658
PWY-7219: adenosine ribonucleotides de novo biosynthesis|g__Parabacteroides.s__Parabacteroides_distasonis	0.4037435037
PWY-7219: adenosine ribonucleotides de novo biosynthesis|g__Bacteroides.s__Bacteroides_thetaiotaomicron	0.2179259226
PWY-7219: adenosine ribonucleotides de novo biosynthesis|g__Bacteroides.s__Bacteroides_caccae	0.2571716251
PWY-7219: adenosine ribonucleotides de novo biosynthesis|g__Roseburia.s__Roseburia_inulinivorans	0.6187251574
PWY-7219: adenosine ribonucleotides de novo biosynthesis|g__Haemophilus.s__Haemophilus_parainfluenzae	0.1492719716
PWY-7219: adenosine ribonucleotides de novo biosynthesis|g__Clostridium.s__Clostridium_hathewayi	0.2425936381
PWY-7219: adenosine ribonucleotides de novo biosynthesis|g__Lachnospiraceae_noname.s__Lachnospiraceae_bacterium_7_1_58FAA	0.1275802488
PWY-7219: adenosine ribonucleotides de novo biosynthesis|g__Flavonifractor.s__Flavonifractor_plautii	0.8440987563
PWY-7219: adenosine ribonucleotides de novo biosynthesis|g__Streptococcus.s__Streptococcus_salivarius	0.7006225058
PWY-7219: adenosine ribonucleotides de novo biosynthesis|g__Bacteroides.s__Bacteroides_dorei	0.0000000000
PWY-7219: adenosine ribonucleotides de novo biosynthesis|g__Eubacterium.s__Eubacterium_rectale	0.6007108869
PWY-7219: adenosine ribonucleotides de novo biosynthesis|g__Streptococcus.s__Streptococcus_parasanguinis	0.6472381331
PWY-7219: adenosine ribonucleotides de novo biosynthesis|g__Collinsella.s__Collinsella_aerofaciens	0.2353562439
PWY-7219: adenosine ribonucleotides de novo biosynthesis|g__Escherichia.s__Escherichia_coli	0.0024302085
PWY-7219: adenosine ribonucleotides de novo biosynthesis|g__Clostridium.s__Clostridium_clostridioforme	0.2694573258
PWY-7219: adenosine ribonucleotides de novo biosynthesis|g__Alistipes.s__Alistipes_finegoldii	0.6534540979
PWY-7219: adenosine ribonucleotides de novo biosynthesis|g__Clostridium.s__Clostridium_symbiosum	0.3985198233
PWY-7219: adenosine ribonucleotides de novo biosynthesis|g__Prevotella.s__Prevotella_copri	0.0881197071
PWY-7219: adenosine ribonucleotides de novo biosynthesis|g__Ruminococcus.s__Ruminococcus_bromii	0.3663885735
PWY-7219: adenosine ribonucleotides de novo biosynthesis|g__Clostridiales_noname.s__Clostridiales_bacterium_1_7_47FAA	0.4530534864
PWY-7219: adenosine ribonucleotides de novo biosynthesis|g__Ruminococcus.s__Ruminococcus_callidus	0.5419838676
PWY-7219: adenosine ribonucleotides de novo biosynthesis|g__Clostridium.s__Clostridium_bolteae	0.6062447358
PWY-6737: starch degradation V	1.0000000000
PWY-6737: starch degradation V|g__Faecalibacterium.s__Faecalibacterium_prausnitzii	1.0000000000
PWY-6737: starch degradation V|unclassified	0.9990257263
PWY-6737: starch degradation V|g__Clostridium.s__Clostridium_nexile	0.9888712034
PWY-6737: starch degradation V|g__Akkermansia.s__Akkermansia_muciniphila	0.3267699987
PWY-6737: starch degradation V|g__Roseburia.s__Roseburia_inulinivorans	0.9854812462
PWY-6737: starch degradation V|g__Roseburia.s__Roseburia_intestinalis	0.9656044301
PWY-6737: starch degradation V|g__Blautia.s__Ruminococcus_torques	0.2186073256
PWY-6737: starch degradation V|g__Anaerostipes.s__Anaerostipes_hadrus	0.7043675936
PWY-6737: starch degradation V|g__Dorea.s__Dorea_longicatena	0.0000000000
PWY-6737: starch degradation V|g__Haemophilus.s__Haemophilus_parainfluenzae	0.0115868957
PWY-6737: starch degradation V|g__Clostridium.s__Clostridium_hathewayi	0.0553508112
PWY-6737: starch degradation V|g__Collinsella.s__Collinsella_aerofaciens	0.6956726602
PWY-6737: starch degradation V|g__Coprococcus.s__Coprococcus_comes	0.9393578791
PWY-6737: starch degradation V|g__Streptococcus.s__Streptococcus_parasanguinis	0.7037417642
PWY-6737: starch degradation V|g__Dorea.s__Dorea_formicigenerans	0.3329951961
PWY-6737: starch degradation V|g__Alistipes.s__Alistipes_finegoldii	0.5166631598
PWY-6737: starch degradation V|g__Blautia.s__Ruminococcus_gnavus	0.1181596737
PWY-6737: starch degradation V|g__Clostridium.s__Clostridium_symbiosum	0.2130688140
PWY-6737: starch degradation V|g__Clostridium.s__Clostridium_bolteae	0.4840044160
PWY-6737: starch degradation V|g__Escherichia.s__Escherichia_coli	0.0000012629
PWY-1042: glycolysis IV (plant cytosol)	1.0000000000
PWY-1042: glycolysis IV (plant cytosol)|g__Faecalibacterium.s__Faecalibacterium_prausnitzii	0.1808615873
PWY-1042: glycolysis IV (plant cytosol)|g__Bacteroides.s__Bacteroides_xylanisolvens	0.0064835936
PWY-1042: glycolysis IV (plant cytosol)|g__Bacteroides.s__Bacteroides_ovatus	0.0000000000
PWY-1042: glycolysis IV (plant cytosol)|unclassified	0.0004519740
PWY-1042: glycolysis IV (plant cytosol)|g__Blautia.s__Ruminococcus_torques	0.0801094854
PWY-1042: glycolysis IV (plant cytosol)|g__Akkermansia.s__Akkermansia_muciniphila	0.4038500838
PWY-1042: glycolysis IV (plant cytosol)|g__Anaerostipes.s__Anaerostipes_hadrus	0.0709364347
PWY-1042: glycolysis IV (plant cytosol)|g__Bacteroides.s__Bacteroides_thetaiotaomicron	0.3959843887
PWY-1042: glycolysis IV (plant cytosol)|g__Escherichia.s__Escherichia_coli	0.9785525635
PWY-1042: glycolysis IV (plant cytosol)|g__Bacteroides.s__Bacteroides_caccae	0.0827122195
PWY-1042: glycolysis IV (plant cytosol)|g__Haemophilus.s__Haemophilus_parainfluenzae	0.1300111888
PWY-1042: glycolysis IV (plant cytosol)|g__Alistipes.s__Alistipes_shahii	0.5682693288
PWY-1042: glycolysis IV (plant cytosol)|g__Clostridiales_noname.s__Clostridiales_bacterium_1_7_47FAA	0.2812653234
PEPTIDOGLYCANSYN-PWY: peptidoglycan biosynthesis I (meso-diaminopimelate containing)	1.0000000000
PEPTIDOGLYCANSYN-PWY: peptidoglycan biosynthesis I (meso-diaminopimelate containing)|g__Faecalibacterium.s__Faecalibacterium_prausnitzii	0.0000000000
PEPTIDOGLYCANSYN-PWY: peptidoglycan biosynthesis I (meso-diaminopimelate containing)|g__Bacteroides.s__Bacteroides_fragilis	0.2037993794
PEPTIDOGLYCANSYN-PWY: peptidoglycan biosynthesis I (meso-diaminopimelate containing)|unclassified	0.0000000000
PEPTIDOGLYCANSYN-PWY: peptidoglycan biosynthesis I (meso-diaminopimelate containing)|g__Parabacteroides.s__Parabacteroides_sp_D13	0.1115418654
PEPTIDOGLYCANSYN-PWY: peptidoglycan biosynthesis I (meso-diaminopimelate containing)|g__Blautia.s__Ruminococcus_torques	0.0482356770
PEPTIDOGLYCANSYN-PWY: peptidoglycan biosynthesis I (meso-diaminopimelate containing)|g__Parabacteroides.s__Parabacteroides_distasonis	0.0813326469
PWY-6387: UDP-N-acetylmuramoyl-pentapeptide biosynthesis I (meso-diaminopimelate containing)	1.0000000000
PWY-6387: UDP-N-acetylmuramoyl-pentapeptide biosynthesis I (meso-diaminopimelate containing)|g__Faecalibacterium.s__Faecalibacterium_prausnitzii	0.0000000000
PWY-6387: UDP-N-acetylmuramoyl-pentapeptide biosynthesis I (meso-diaminopimelate containing)|g__Bacteroides.s__Bacteroides_fragilis	0.2022441877
PWY-6387: UDP-N-acetylmuramoyl-pentapeptide biosynthesis I (meso-diaminopimelate containing)|unclassified	0.0000000000
PWY-6387: UDP-N-acetylmuramoyl-pentapeptide biosynthesis I (meso-diaminopimelate containing)|g__Parabacteroides.s__Parabacteroides_sp_D13	0.0953418229
PWY-6387: UDP-N-acetylmuramoyl-pentapeptide biosynthesis I (meso-diaminopimelate containing)|g__Blautia.s__Ruminococcus_torques	0.0392925178
PWY-6387: UDP-N-acetylmuramoyl-pentapeptide biosynthesis I (meso-diaminopimelate containing)|g__Parabacteroides.s__Parabacteroides_distasonis	0.0770876224
NONMEVIPP-PWY: methylerythritol phosphate pathway I	1.0000000000
NONMEVIPP-PWY: methylerythritol phosphate pathway I|g__Bacteroides.s__Bacteroides_vulgatus	0.0000000000
NONMEVIPP-PWY: methylerythritol phosphate pathway I|g__Bacteroides.s__Bacteroides_xylanisolvens	0.0000000000
NONMEVIPP-PWY: methylerythritol phosphate pathway I|unclassified	0.7729086321
NONMEVIPP-PWY: methylerythritol phosphate pathway I|g__Bacteroides.s__Bacteroides_ovatus	0.0000000000
NONMEVIPP-PWY: methylerythritol phosphate pathway I|g__Akkermansia.s__Akkermansia_muciniphila	0.3623661224
NONMEVIPP-PWY: methylerythritol phosphate pathway I|g__Dorea.s__Dorea_longicatena	0.0000000000
NONMEVIPP-PWY: methylerythritol phosphate pathway I|g__Anaerostipes.s__Anaerostipes_hadrus	0.4296101472
NONMEVIPP-PWY: methylerythritol phosphate pathway I|g__Clostridium.s__Clostridium_nexile	0.0341158247
NONMEVIPP-PWY: methylerythritol phosphate pathway I|g__Roseburia.s__Roseburia_intestinalis	0.1219732129
NONMEVIPP-PWY: methylerythritol phosphate pathway I|g__Lachnospiraceae_noname.s__Lachnospiraceae_bacterium_7_1_58FAA	0.0021572527
NONMEVIPP-PWY: methylerythritol phosphate pathway I|g__Eubacterium.s__Eubacterium_rectale	0.4796722683
ANAGLYCOLYSIS-PWY: glycolysis III (from glucose)	0.9537554964
ANAGLYCOLYSIS-PWY: glycolysis III (from glucose)|g__Bacteroides.s__Bacteroides_xylanisolvens	0.0000000002
ANAGLYCOLYSIS-PWY: glycolysis III (from glucose)|g__Bacteroides.s__Bacteroides_ovatus	0.0000000000
ANAGLYCOLYSIS-PWY: glycolysis III (from glucose)|g__Escherichia.s__Escherichia_coli	0.0584479517
ANAGLYCOLYSIS-PWY: glycolysis III (from glucose)|g__Alistipes.s__Alistipes_shahii	0.6406235740
PWY-2942: L-lysine biosynthesis III	1.0000000000
PWY-2942: L-lysine biosynthesis III|g__Bacteroides.s__Bacteroides_ovatus	0.0000000000
PWY-2942: L-lysine biosynthesis III|unclassified	0.0000005606
PWY-2942: L-lysine biosynthesis III|g__Bacteroides.s__Bacteroides_uniformis	0.0130484492
PWY-2942: L-lysine biosynthesis III|g__Veillonella.s__Veillonella_atypica	0.1384474625
PWY-2942: L-lysine biosynthesis III|g__Bacteroides.s__Bacteroides_fragilis	0.0000019465
PWY-2942: L-lysine biosynthesis III|g__Parabacteroides.s__Parabacteroides_sp_D13	0.4358224461
PWY-2942: L-lysine biosynthesis III|g__Veillonella.s__Veillonella_dispar	0.7755347906
PWY-2942: L-lysine biosynthesis III|g__Blautia.s__Ruminococcus_torques	0.6284166060
PWY-2942: L-lysine biosynthesis III|g__Akkermansia.s__Akkermansia_muciniphila	0.0032351237
PWY-2942: L-lysine biosynthesis III|g__Bacteroides.s__Bacteroides_stercoris	0.0000007949
PWY-2942: L-lysine biosynthesis III|g__Veillonella.s__Veillonella_parvula	0.0004599670
PWY-2942: L-lysine biosynthesis III|g__Bacteroides.s__Bacteroides_caccae	0.2204635501
PWY-2942: L-lysine biosynthesis III|g__Bacteroides.s__Bacteroides_thetaiotaomicron	0.1387461396
PWY-2942: L-lysine biosynthesis III|g__Parabacteroides.s__Parabacteroides_distasonis	0.0050416713
PWY-2942: L-lysine biosynthesis III|g__Prevotella.s__Prevotella_copri	0.2155332407
PWY-5097: L-lysine biosynthesis VI	1.0000000000
PWY-5097: L-lysine biosynthesis VI|g__Bacteroides.s__Bacteroides_xylanisolvens	0.0001349836
PWY-5097: L-lysine biosynthesis VI|g__Faecalibacterium.s__Faecalibacterium_prausnitzii	0.0000000000
PWY-5097: L-lysine biosynthesis VI|unclassified	0.0000006552
PWY-5097: L-lysine biosynthesis VI|g__Bacteroides.s__Bacteroides_uniformis	0.0146989091
PWY-5097: L-lysine biosynthesis VI|g__Bacteroides.s__Bacteroides_fragilis	0.0000022602
PWY-5097: L-lysine biosynthesis VI|g__Parabacteroides.s__Parabacteroides_sp_D13	0.0000000024
PWY-5097: L-lysine biosynthesis VI|g__Bacteroides.s__Bacteroides_thetaiotaomicron	0.3820701524
PWY-5097: L-lysine biosynthesis VI|g__Bacteroides.s__Bacteroides_caccae	0.0009423612
PWY-5097: L-lysine biosynthesis VI|g__Parabacteroides.s__Parabacteroides_distasonis	0.0058805149
PWY-5097: L-lysine biosynthesis VI|g__Bacteroides.s__Bacteroides_stercoris	0.0000000000
PWY-5097: L-lysine biosynthesis VI|g__Prevotella.s__Prevotella_copri	0.2378510433
DTDPRHAMSYN-PWY: dTDP-L-rhamnose biosynthesis I	1.0000000000
DTDPRHAMSYN-PWY: dTDP-L-rhamnose biosynthesis I|g__Faecalibacterium.s__Faecalibacterium_prausnitzii	0.9978236817
DTDPRHAMSYN-PWY: dTDP-L-rhamnose biosynthesis I|g__Bacteroides.s__Bacteroides_xylanisolvens	0.0377874161
DTDPRHAMSYN-PWY: dTDP-L-rhamnose biosynthesis I|g__Bacteroides.s__Bacteroides_ovatus	0.0593924596
DTDPRHAMSYN-PWY: dTDP-L-rhamnose biosynthesis I|unclassified	0.0000000000
DTDPRHAMSYN-PWY: dTDP-L-rhamnose biosynthesis I|g__Anaerostipes.s__Anaerostipes_hadrus	0.0003715534
DTDPRHAMSYN-PWY: dTDP-L-rhamnose biosynthesis I|g__Alistipes.s__Alistipes_shahii	0.5372724061
DTDPRHAMSYN-PWY: dTDP-L-rhamnose biosynthesis I|g__Eubacterium.s__Eubacterium_rectale	0.2208266457
PWY-6385: peptidoglycan biosynthesis III (mycobacteria)	0.0000000000
PWY-6385: peptidoglycan biosynthesis III (mycobacteria)|g__Faecalibacterium.s__Faecalibacterium_prausnitzii	0.0000000000
PWY-6385: peptidoglycan biosynthesis III (mycobacteria)|unclassified	0.0000000000
PANTO-PWY: phosphopantothenate biosynthesis I	1.0000000000
PANTO-PWY: phosphopantothenate biosynthesis I|g__Bacteroides.s__Bacteroides_vulgatus	0.0000000000
PANTO-PWY: phosphopantothenate biosynthesis I|g__Bacteroides.s__Bacteroides_xylanisolvens	0.0000005290
PANTO-PWY: phosphopantothenate biosynthesis I|g__Bacteroides.s__Bacteroides_uniformis	0.0053586972
PANTO-PWY: phosphopantothenate biosynthesis I|g__Bacteroides.s__Bacteroides_fragilis	0.0042375084
PANTO-PWY: phosphopantothenate biosynthesis I|g__Bacteroides.s__Bacteroides_ovatus	0.0000000000
PANTO-PWY: phosphopantothenate biosynthesis I|g__Parabacteroides.s__Parabacteroides_sp_D13	0.0466166743
PANTO-PWY: phosphopantothenate biosynthesis I|g__Akkermansia.s__Akkermansia_muciniphila	0.2625460645
PANTO-PWY: phosphopantothenate biosynthesis I|g__Anaerostipes.s__Anaerostipes_hadrus	0.4584578422
PANTO-PWY: phosphopantothenate biosynthesis I|g__Bacteroides.s__Bacteroides_caccae	0.4987745541
PANTO-PWY: phosphopantothenate biosynthesis I|unclassified	0.0000000000
PANTO-PWY: phosphopantothenate biosynthesis I|g__Blautia.s__Ruminococcus_torques	0.0000000034
PANTO-PWY: phosphopantothenate biosynthesis I|g__Bacteroides.s__Bacteroides_thetaiotaomicron	0.0713069364
PANTO-PWY: phosphopantothenate biosynthesis I|g__Escherichia.s__Escherichia_coli	0.6460237018
PANTO-PWY: phosphopantothenate biosynthesis I|g__Bacteroides.s__Bacteroides_dorei	0.0000000000
PANTO-PWY: phosphopantothenate biosynthesis I|g__Parabacteroides.s__Parabacteroides_distasonis	0.0000998120
PWY-3841: folate transformations II	1.0000000000
PWY-3841: folate transformations II|g__Bacteroides.s__Bacteroides_vulgatus	0.0000000000
PWY-3841: folate transformations II|g__Bacteroides.s__Bacteroides_xylanisolvens	0.0000000000
PWY-3841: folate transformations II|g__Bacteroides.s__Bacteroides_ovatus	0.0000000000
PWY-3841: folate transformations II|g__Bacteroides.s__Bacteroides_uniformis	0.0032451575
PWY-3841: folate transformations II|g__Bacteroides.s__Bacteroides_fragilis	0.0472818343
PWY-3841: folate transformations II|unclassified	0.0000000000
PWY-3841: folate transformations II|g__Akkermansia.s__Akkermansia_muciniphila	0.1637924800
PWY-3841: folate transformations II|g__Parabacteroides.s__Parabacteroides_sp_D13	0.0000000609
PWY-3841: folate transformations II|g__Bacteroides.s__Bacteroides_stercoris	0.0290070410
PWY-3841: folate transformations II|g__Bacteroides.s__Bacteroides_dorei	0.0000000000
PWY-3841: folate transformations II|g__Parabacteroides.s__Parabacteroides_distasonis	0.3257047903
PWY-3841: folate transformations II|g__Bacteroides.s__Bacteroides_caccae	0.1035945624
PWY-3841: folate transformations II|g__Streptococcus.s__Streptococcus_salivarius	0.8195863742
PWY-3841: folate transformations II|g__Bacteroides.s__Bacteroides_thetaiotaomicron	0.0038275783
PWY-3841: folate transformations II|g__Escherichia.s__Escherichia_coli	0.1937683720
ILEUSYN-PWY: L-isoleucine biosynthesis I (from threonine)	0.2964005468
ILEUSYN-PWY: L-isoleucine biosynthesis I (from threonine)|g__Faecalibacterium.s__Faecalibacterium_prausnitzii	0.9072157319
ILEUSYN-PWY: L-isoleucine biosynthesis I (from threonine)|unclassified	0.0000000000
ILEUSYN-PWY: L-isoleucine biosynthesis I (from threonine)|g__Akkermansia.s__Akkermansia_muciniphila	0.7633426589
ILEUSYN-PWY: L-isoleucine biosynthesis I (from threonine)|g__Coprococcus.s__Coprococcus_sp_ART55_1	0.2490957664
ILEUSYN-PWY: L-isoleucine biosynthesis I (from threonine)|g__Streptococcus.s__Streptococcus_parasanguinis	0.4783497614
ILEUSYN-PWY: L-isoleucine biosynthesis I (from threonine)|g__Blautia.s__Ruminococcus_obeum	0.2477020867
VALSYN-PWY: L-valine biosynthesis	0.2964005468
VALSYN-PWY: L-valine biosynthesis|g__Faecalibacterium.s__Faecalibacterium_prausnitzii	0.9072157319
VALSYN-PWY: L-valine biosynthesis|unclassified	0.0000000000
VALSYN-PWY: L-valine biosynthesis|g__Akkermansia.s__Akkermansia_muciniphila	0.7633426589
VALSYN-PWY: L-valine biosynthesis|g__Coprococcus.s__Coprococcus_sp_ART55_1	0.2490957664
VALSYN-PWY: L-valine biosynthesis|g__Streptococcus.s__Streptococcus_parasanguinis	0.4783497614
VALSYN-PWY: L-valine biosynthesis|g__Blautia.s__Ruminococcus_obeum	0.2477020867
PWY-7221: guanosine ribonucleotides de novo biosynthesis	0.8029080795
PWY-7221: guanosine ribonucleotides de novo biosynthesis|g__Bacteroides.s__Bacteroides_vulgatus	0.0000000000
PWY-7221: guanosine ribonucleotides de novo biosynthesis|g__Veillonella.s__Veillonella_atypica	0.0899051742
PWY-7221: guanosine ribonucleotides de novo biosynthesis|g__Veillonella.s__Veillonella_dispar	0.5098021264
PWY-7221: guanosine ribonucleotides de novo biosynthesis|g__Parabacteroides.s__Parabacteroides_sp_D13	0.0735810509
PWY-7221: guanosine ribonucleotides de novo biosynthesis|g__Akkermansia.s__Akkermansia_muciniphila	0.0009771288
PWY-7221: guanosine ribonucleotides de novo biosynthesis|g__Parabacteroides.s__Parabacteroides_distasonis	0.6908850905
PWY-7221: guanosine ribonucleotides de novo biosynthesis|g__Haemophilus.s__Haemophilus_parainfluenzae	0.3386566646
PWY-7221: guanosine ribonucleotides de novo biosynthesis|g__Veillonella.s__Veillonella_parvula	0.0045373578
PWY-7221: guanosine ribonucleotides de novo biosynthesis|g__Bacteroides.s__Bacteroides_dorei	0.0000000000
PWY-7221: guanosine ribonucleotides de novo biosynthesis|g__Streptococcus.s__Streptococcus_salivarius	0.4644716548
ARO-PWY: chorismate biosynthesis I	0.0000000000
ARO-PWY: chorismate biosynthesis I|unclassified	0.8658461752
ARO-PWY: chorismate biosynthesis I|g__Blautia.s__Ruminococcus_torques	0.1789552704
ARO-PWY: chorismate biosynthesis I|g__Akkermansia.s__Akkermansia_muciniphila	0.0000472111
ARO-PWY: chorismate biosynthesis I|g__Roseburia.s__Roseburia_intestinalis	0.6474541108
ARO-PWY: chorismate biosynthesis I|g__Haemophilus.s__Haemophilus_parainfluenzae	0.1232956712
ARO-PWY: chorismate biosynthesis I|g__Anaerostipes.s__Anaerostipes_hadrus	0.0000057869
ARO-PWY: chorismate biosynthesis I|g__Roseburia.s__Roseburia_inulinivorans	0.0570795935
ARO-PWY: chorismate biosynthesis I|g__Escherichia.s__Escherichia_coli	0.3429513327
ARO-PWY: chorismate biosynthesis I|g__Clostridium.s__Clostridium_hathewayi	0.0304239934
ARO-PWY: chorismate biosynthesis I|g__Streptococcus.s__Streptococcus_parasanguinis	0.6022334531
ARO-PWY: chorismate biosynthesis I|g__Clostridium.s__Clostridium_clostridioforme	0.4027469351
ARO-PWY: chorismate biosynthesis I|g__Dorea.s__Dorea_formicigenerans	0.1372506792
ARO-PWY: chorismate biosynthesis I|g__Eubacterium.s__Eubacterium_rectale	0.3788443558
ARO-PWY: chorismate biosynthesis I|g__Alistipes.s__Alistipes_finegoldii	0.5098994829
ARO-PWY: chorismate biosynthesis I|g__Blautia.s__Ruminococcus_gnavus	0.0983051905
ARO-PWY: chorismate biosynthesis I|g__Clostridiales_noname.s__Clostridiales_bacterium_1_7_47FAA	0.2799028547
BRANCHED-CHAIN-AA-SYN-PWY: superpathway of branched amino acid biosynthesis	0.2598363973
BRANCHED-CHAIN-AA-SYN-PWY: superpathway of branched amino acid biosynthesis|g__Faecalibacterium.s__Faecalibacterium_prausnitzii	0.9155122587
BRANCHED-CHAIN-AA-SYN-PWY: superpathway of branched amino acid biosynthesis|unclassified	0.0000000000
BRANCHED-CHAIN-AA-SYN-PWY: superpathway of branched amino acid biosynthesis|g__Akkermansia.s__Akkermansia_muciniphila	0.5122377899
BRANCHED-CHAIN-AA-SYN-PWY: superpathway of branched amino acid biosynthesis|g__Coprococcus.s__Coprococcus_sp_ART55_1	0.2864514258
BRANCHED-CHAIN-AA-SYN-PWY: superpathway of branched amino acid biosynthesis|g__Streptococcus.s__Streptococcus_parasanguinis	0.4795026561
COMPLETE-ARO-PWY: superpathway of aromatic amino acid biosynthesis	0.0000000000
COMPLETE-ARO-PWY: superpathway of aromatic amino acid biosynthesis|unclassified	0.0000730040
COMPLETE-ARO-PWY: superpathway of aromatic amino acid biosynthesis|g__Akkermansia.s__Akkermansia_muciniphila	0.0000539552
COMPLETE-ARO-PWY: superpathway of aromatic amino acid biosynthesis|g__Blautia.s__Ruminococcus_torques	0.1994220270
COMPLETE-ARO-PWY: superpathway of aromatic amino acid biosynthesis|g__Roseburia.s__Roseburia_intestinalis	0.6772998662
COMPLETE-ARO-PWY: superpathway of aromatic amino acid biosynthesis|g__Haemophilus.s__Haemophilus_parainfluenzae	0.1382825026
COMPLETE-ARO-PWY: superpathway of aromatic amino acid biosynthesis|g__Anaerostipes.s__Anaerostipes_hadrus	0.0000066135
COMPLETE-ARO-PWY: superpathway of aromatic amino acid biosynthesis|g__Escherichia.s__Escherichia_coli	0.3712064062
COMPLETE-ARO-PWY: superpathway of aromatic amino acid biosynthesis|g__Clostridium.s__Clostridium_hathewayi	0.0344461644
COMPLETE-ARO-PWY: superpathway of aromatic amino acid biosynthesis|g__Streptococcus.s__Streptococcus_parasanguinis	0.6333134421
COMPLETE-ARO-PWY: superpathway of aromatic amino acid biosynthesis|g__Clostridium.s__Clostridium_clostridioforme	0.4339474265
COMPLETE-ARO-PWY: superpathway of aromatic amino acid biosynthesis|g__Eubacterium.s__Eubacterium_rectale	0.4096809773
COMPLETE-ARO-PWY: superpathway of aromatic amino acid biosynthesis|g__Blautia.s__Ruminococcus_gnavus	0.1107177423
COMPLETE-ARO-PWY: superpathway of aromatic amino acid biosynthesis|g__Clostridiales_noname.s__Clostridiales_bacterium_1_7_47FAA	0.3056206367
NONOXIPENT-PWY: pentose phosphate pathway (non-oxidative branch)	1.0000000000
NONOXIPENT-PWY: pentose phosphate pathway (non-oxidative branch)|g__Bacteroides.s__Bacteroides_xylanisolvens	0.9998781361
NONOXIPENT-PWY: pentose phosphate pathway (non-oxidative branch)|unclassified	0.0000000000
NONOXIPENT-PWY: pentose phosphate pathway (non-oxidative branch)|g__Blautia.s__Ruminococcus_torques	0.9135936472
NONOXIPENT-PWY: pentose phosphate pathway (non-oxidative branch)|g__Anaerostipes.s__Anaerostipes_hadrus	0.9493253051
NONOXIPENT-PWY: pentose phosphate pathway (non-oxidative branch)|g__Bacteroides.s__Bacteroides_thetaiotaomicron	0.7645909249
NONOXIPENT-PWY: pentose phosphate pathway (non-oxidative branch)|g__Roseburia.s__Roseburia_intestinalis	0.1718954391
PWY-6163: chorismate biosynthesis from 3-dehydroquinate	0.0000000000
PWY-6163: chorismate biosynthesis from 3-dehydroquinate|unclassified	0.8338157702
PWY-6163: chorismate biosynthesis from 3-dehydroquinate|g__Bacteroides.s__Bacteroides_fragilis	0.3469346230
PWY-6163: chorismate biosynthesis from 3-dehydroquinate|g__Blautia.s__Ruminococcus_torques	0.1394817513
PWY-6163: chorismate biosynthesis from 3-dehydroquinate|g__Akkermansia.s__Akkermansia_muciniphila	0.0000337234
PWY-6163: chorismate biosynthesis from 3-dehydroquinate|g__Roseburia.s__Roseburia_intestinalis	0.5844983960
PWY-6163: chorismate biosynthesis from 3-dehydroquinate|g__Anaerostipes.s__Anaerostipes_hadrus	0.0410818001
PWY-6163: chorismate biosynthesis from 3-dehydroquinate|g__Roseburia.s__Roseburia_inulinivorans	0.0526513609
PWY-6163: chorismate biosynthesis from 3-dehydroquinate|g__Haemophilus.s__Haemophilus_parainfluenzae	0.0926817937
PWY-6163: chorismate biosynthesis from 3-dehydroquinate|g__Escherichia.s__Escherichia_coli	0.4971514381
PWY-6163: chorismate biosynthesis from 3-dehydroquinate|g__Clostridium.s__Clostridium_hathewayi	0.0687351979
PWY-6163: chorismate biosynthesis from 3-dehydroquinate|g__Clostridium.s__Clostridium_clostridioforme	0.5978229251
PWY-6163: chorismate biosynthesis from 3-dehydroquinate|g__Dorea.s__Dorea_formicigenerans	0.3132035509
PWY-6163: chorismate biosynthesis from 3-dehydroquinate|g__Streptococcus.s__Streptococcus_parasanguinis	0.5625650591
PWY-6163: chorismate biosynthesis from 3-dehydroquinate|g__Eubacterium.s__Eubacterium_rectale	0.3435750463
PWY-6163: chorismate biosynthesis from 3-dehydroquinate|g__Alistipes.s__Alistipes_finegoldii	0.4330905917
PWY-6163: chorismate biosynthesis from 3-dehydroquinate|g__Blautia.s__Ruminococcus_gnavus	0.0877105646
PWY-6163: chorismate biosynthesis from 3-dehydroquinate|g__Clostridiales_noname.s__Clostridiales_bacterium_1_7_47FAA	0.2387028047
COA-PWY-1: coenzyme A biosynthesis II (mammalian)	0.0000000000
COA-PWY-1: coenzyme A biosynthesis II (mammalian)|g__Faecalibacterium.s__Faecalibacterium_prausnitzii	0.0000000000
COA-PWY-1: coenzyme A biosynthesis II (mammalian)|g__Bacteroides.s__Bacteroides_xylanisolvens	0.0000000006
COA-PWY-1: coenzyme A biosynthesis II (mammalian)|unclassified	0.0000000000
COA-PWY-1: coenzyme A biosynthesis II (mammalian)|g__Veillonella.s__Veillonella_atypica	0.0001702720
COA-PWY-1: coenzyme A biosynthesis II (mammalian)|g__Bacteroides.s__Bacteroides_ovatus	0.0000000000
COA-PWY-1: coenzyme A biosynthesis II (mammalian)|g__Akkermansia.s__Akkermansia_muciniphila	0.3924590170
COA-PWY-1: coenzyme A biosynthesis II (mammalian)|g__Veillonella.s__Veillonella_dispar	0.0000069805
COA-PWY-1: coenzyme A biosynthesis II (mammalian)|g__Veillonella.s__Veillonella_parvula	0.0015483223
COA-PWY-1: coenzyme A biosynthesis II (mammalian)|g__Escherichia.s__Escherichia_coli	0.1795185134
COA-PWY-1: coenzyme A biosynthesis II (mammalian)|g__Streptococcus.s__Streptococcus_parasanguinis	0.6769778575
CALVIN-PWY: Calvin-Benson-Bassham cycle	0.0000000000
CALVIN-PWY: Calvin-Benson-Bassham cycle|g__Faecalibacterium.s__Faecalibacterium_prausnitzii	0.0000000000
CALVIN-PWY: Calvin-Benson-Bassham cycle|unclassified	0.0009031903
CALVIN-PWY: Calvin-Benson-Bassham cycle|g__Anaerostipes.s__Anaerostipes_hadrus	0.0251233900
CALVIN-PWY: Calvin-Benson-Bassham cycle|g__Blautia.s__Ruminococcus_torques	0.0000000000
PWY-7228: superpathway of guanosine nucleotides de novo biosynthesis I	0.7534110055
PWY-7228: superpathway of guanosine nucleotides de novo biosynthesis I|g__Bacteroides.s__Bacteroides_vulgatus	0.0000000000
PWY-7228: superpathway of guanosine nucleotides de novo biosynthesis I|g__Veillonella.s__Veillonella_atypica	0.0723994227
PWY-7228: superpathway of guanosine nucleotides de novo biosynthesis I|g__Veillonella.s__Veillonella_parvula	0.0067840375
PWY-7228: superpathway of guanosine nucleotides de novo biosynthesis I|g__Haemophilus.s__Haemophilus_parainfluenzae	0.1660661741
PWY-7228: superpathway of guanosine nucleotides de novo biosynthesis I|g__Bacteroides.s__Bacteroides_dorei	0.0000000000
PWY-7228: superpathway of guanosine nucleotides de novo biosynthesis I|g__Veillonella.s__Veillonella_dispar	0.0000000000
PWY-7229: superpathway of adenosine nucleotides de novo biosynthesis I	0.0000000000
PWY-7229: superpathway of adenosine nucleotides de novo biosynthesis I|g__Haemophilus.s__Haemophilus_parainfluenzae	0.0012209551
PWY-7229: superpathway of adenosine nucleotides de novo biosynthesis I|g__Streptococcus.s__Streptococcus_salivarius	0.4147634627
PWY-7229: superpathway of adenosine nucleotides de novo biosynthesis I|g__Clostridiales_noname.s__Clostridiales_bacterium_1_7_47FAA	0.5323113412
PANTOSYN-PWY: pantothenate and coenzyme A biosynthesis I	0.0000000000
PANTOSYN-PWY: pantothenate and coenzyme A biosynthesis I|g__Bacteroides.s__Bacteroides_xylanisolvens	0.0000000013
PANTOSYN-PWY: pantothenate and coenzyme A biosynthesis I|g__Bacteroides.s__Bacteroides_ovatus	0.0000000000
PANTOSYN-PWY: pantothenate and coenzyme A biosynthesis I|g__Akkermansia.s__Akkermansia_muciniphila	0.3355398832
PANTOSYN-PWY: pantothenate and coenzyme A biosynthesis I|g__Escherichia.s__Escherichia_coli	0.2424255954
PWY-6126: superpathway of adenosine nucleotides de novo biosynthesis II	0.0000000000
PWY-6126: superpathway of adenosine nucleotides de novo biosynthesis II|g__Haemophilus.s__Haemophilus_parainfluenzae	0.0014196388
ANAEROFRUCAT-PWY: homolactic fermentation	0.0000000000
PWY-724: superpathway of L-lysine, L-threonine and L-methionine biosynthesis II	0.0000000000
PWY-724: superpathway of L-lysine, L-threonine and L-methionine biosynthesis II|g__Faecalibacterium.s__Faecalibacterium_prausnitzii	0.0000000000
PWY-724: superpathway of L-lysine, L-threonine and L-methionine biosynthesis II|unclassified	0.0000000009
PWY-7111: pyruvate fermentation to isobutanol (engineered)	0.0000000000
PWY-7111: pyruvate fermentation to isobutanol (engineered)|g__Faecalibacterium.s__Faecalibacterium_prausnitzii	0.0000000000
PWY-7111: pyruvate fermentation to isobutanol (engineered)|unclassified	0.0000000022
PWY-7111: pyruvate fermentation to isobutanol (engineered)|g__Veillonella.s__Veillonella_dispar	0.8872873223
PWY-7111: pyruvate fermentation to isobutanol (engineered)|g__Blautia.s__Ruminococcus_torques	0.2522849928
PWY-7111: pyruvate fermentation to isobutanol (engineered)|g__Clostridium.s__Clostridium_nexile	0.3034145635
PWY-7111: pyruvate fermentation to isobutanol (engineered)|g__Dorea.s__Dorea_formicigenerans	0.7471897395
PWY-7111: pyruvate fermentation to isobutanol (engineered)|g__Streptococcus.s__Streptococcus_parasanguinis	0.4860502738
PWY-7111: pyruvate fermentation to isobutanol (engineered)|g__Ruminococcus.s__Ruminococcus_lactaris	0.4992258511
PWY-7111: pyruvate fermentation to isobutanol (engineered)|g__Coprococcus.s__Coprococcus_comes	0.4461627284
PWY-7111: pyruvate fermentation to isobutanol (engineered)|g__Clostridiales_noname.s__Clostridiales_bacterium_1_7_47FAA	0.2068853262
COA-PWY: coenzyme A biosynthesis I	0.0000000000
COA-PWY: coenzyme A biosynthesis I|g__Faecalibacterium.s__Faecalibacterium_prausnitzii	0.0000000000
COA-PWY: coenzyme A biosynthesis I|g__Bacteroides.s__Bacteroides_xylanisolvens	0.0000000006
COA-PWY: coenzyme A biosynthesis I|g__Bacteroides.s__Bacteroides_ovatus	0.0000000000
COA-PWY: coenzyme A biosynthesis I|unclassified	0.0000000000
COA-PWY: coenzyme A biosynthesis I|g__Veillonella.s__Veillonella_atypica	0.0001701063
COA-PWY: coenzyme A biosynthesis I|g__Akkermansia.s__Akkermansia_muciniphila	0.4152086568
COA-PWY: coenzyme A biosynthesis I|g__Veillonella.s__Veillonella_dispar	0.0000034903
COA-PWY: coenzyme A biosynthesis I|g__Veillonella.s__Veillonella_parvula	0.0015452506
COA-PWY: coenzyme A biosynthesis I|g__Escherichia.s__Escherichia_coli	0.1341500155
COA-PWY: coenzyme A biosynthesis I|g__Streptococcus.s__Streptococcus_parasanguinis	0.7415693817
PWY-7282: 4-amino-2-methyl-5-phosphomethylpyrimidine biosynthesis (yeast)	0.0000000000
PWY-7282: 4-amino-2-methyl-5-phosphomethylpyrimidine biosynthesis (yeast)|g__Bacteroides.s__Bacteroides_ovatus	0.0000000000
PWY-7282: 4-amino-2-methyl-5-phosphomethylpyrimidine biosynthesis (yeast)|g__Bacteroides.s__Bacteroides_xylanisolvens	0.0000000000
PWY-7282: 4-amino-2-methyl-5-phosphomethylpyrimidine biosynthesis (yeast)|g__Bacteroides.s__Bacteroides_fragilis	0.0000740603
PWY-3001: superpathway of L-isoleucine biosynthesis I	0.0000000000
PWY-3001: superpathway of L-isoleucine biosynthesis I|g__Faecalibacterium.s__Faecalibacterium_prausnitzii	0.0000000000
PWY-3001: superpathway of L-isoleucine biosynthesis I|unclassified	0.0000000000
PWY66-400: glycolysis VI (metazoan)	0.0000000000
PWY66-400: glycolysis VI (metazoan)|g__Bacteroides.s__Bacteroides_xylanisolvens	0.0000000000
PWY66-400: glycolysis VI (metazoan)|g__Bacteroides.s__Bacteroides_ovatus	0.0000000000
PWY-6125: superpathway of guanosine nucleotides de novo biosynthesis II	0.0000000000
PWY-6125: superpathway of guanosine nucleotides de novo biosynthesis II|g__Haemophilus.s__Haemophilus_parainfluenzae	0.0014239664
THISYNARA-PWY: superpathway of thiamin diphosphate biosynthesis III (eukaryotes)	0.0000000000
PWY-621: sucrose degradation III (sucrose invertase)	0.1690024472
PWY-621: sucrose degradation III (sucrose invertase)|g__Faecalibacterium.s__Faecalibacterium_prausnitzii	0.4295547401
PWY-621: sucrose degradation III (sucrose invertase)|g__Blautia.s__Ruminococcus_torques	0.9999963090
PWY-621: sucrose degradation III (sucrose invertase)|g__Coprococcus.s__Coprococcus_sp_ART55_1	0.9995815995
PWY-621: sucrose degradation III (sucrose invertase)|unclassified	0.0000000000
PWY-621: sucrose degradation III (sucrose invertase)|g__Anaerostipes.s__Anaerostipes_hadrus	0.3185692001
PWY-621: sucrose degradation III (sucrose invertase)|g__Streptococcus.s__Streptococcus_parasanguinis	0.8258655064
PWY-621: sucrose degradation III (sucrose invertase)|g__Escherichia.s__Escherichia_coli	0.0304232255
PWY-621: sucrose degradation III (sucrose invertase)|g__Blautia.s__Ruminococcus_obeum	0.4398561401
PWY-6317: galactose degradation I (Leloir pathway)	0.0000000000
PWY-6317: galactose degradation I (Leloir pathway)|g__Faecalibacterium.s__Faecalibacterium_prausnitzii	0.0000000000
PWY-6317: galactose degradation I (Leloir pathway)|unclassified	0.9849097751
PWY-6317: galactose degradation I (Leloir pathway)|g__Blautia.s__Ruminococcus_torques	0.2198902069
PWY-6317: galactose degradation I (Leloir pathway)|g__Anaerostipes.s__Anaerostipes_hadrus	0.1743311409
PWY-6317: galactose degradation I (Leloir pathway)|g__Roseburia.s__Roseburia_intestinalis	0.3992740197
PWY-6317: galactose degradation I (Leloir pathway)|g__Escherichia.s__Escherichia_coli	0.0279541283
PWY-6317: galactose degradation I (Leloir pathway)|g__Streptococcus.s__Streptococcus_parasanguinis	0.3934926270
PWY66-422: D-galactose degradation V (Leloir pathway)	0.0000000000
PWY66-422: D-galactose degradation V (Leloir pathway)|g__Faecalibacterium.s__Faecalibacterium_prausnitzii	0.0000000000
PWY66-422: D-galactose degradation V (Leloir pathway)|unclassified	0.9849097751
PWY66-422: D-galactose degradation V (Leloir pathway)|g__Blautia.s__Ruminococcus_torques	0.2198902069
PWY66-422: D-galactose degradation V (Leloir pathway)|g__Anaerostipes.s__Anaerostipes_hadrus	0.1743311409
PWY66-422: D-galactose degradation V (Leloir pathway)|g__Roseburia.s__Roseburia_intestinalis	0.3992740197
PWY66-422: D-galactose degradation V (Leloir pathway)|g__Escherichia.s__Escherichia_coli	0.0532701625
PWY66-422: D-galactose degradation V (Leloir pathway)|g__Streptococcus.s__Streptococcus_parasanguinis	0.3934926270
THRESYN-PWY: superpathway of L-threonine biosynthesis	0.0000000000
THRESYN-PWY: superpathway of L-threonine biosynthesis|g__Faecalibacterium.s__Faecalibacterium_prausnitzii	0.0000000000
THRESYN-PWY: superpathway of L-threonine biosynthesis|unclassified	0.0000000005
THRESYN-PWY: superpathway of L-threonine biosynthesis|g__Haemophilus.s__Haemophilus_parainfluenzae	0.0497001648
THRESYN-PWY: superpathway of L-threonine biosynthesis|g__Escherichia.s__Escherichia_coli	0.0000694640
1CMET2-PWY: N10-formyl-tetrahydrofolate biosynthesis	0.0000000000
1CMET2-PWY: N10-formyl-tetrahydrofolate biosynthesis|unclassified	0.0000000000
PWY-6527: stachyose degradation	0.0000000000
PWY-6527: stachyose degradation|unclassified	0.3677583575
PWY-6527: stachyose degradation|g__Coprococcus.s__Coprococcus_sp_ART55_1	0.9109673256
PWY-6527: stachyose degradation|g__Faecalibacterium.s__Faecalibacterium_prausnitzii	0.0000000000
PWY-6527: stachyose degradation|g__Roseburia.s__Roseburia_intestinalis	0.3352104392
PWY-6527: stachyose degradation|g__Escherichia.s__Escherichia_coli	0.0522632652
GALACT-GLUCUROCAT-PWY: superpathway of hexuronide and hexuronate degradation	0.0000000000
GALACT-GLUCUROCAT-PWY: superpathway of hexuronide and hexuronate degradation|g__Faecalibacterium.s__Faecalibacterium_prausnitzii	0.0000000000
GALACT-GLUCUROCAT-PWY: superpathway of hexuronide and hexuronate degradation|g__Escherichia.s__Escherichia_coli	0.1358531858
GLUCUROCAT-PWY: superpathway of &beta;-D-glucuronide and D-glucuronate degradation	0.0000000000
GLUCUROCAT-PWY: superpathway of &beta;-D-glucuronide and D-glucuronate degradation|g__Faecalibacterium.s__Faecalibacterium_prausnitzii	0.0000000000
GLUCUROCAT-PWY: superpathway of &beta;-D-glucuronide and D-glucuronate degradation|g__Escherichia.s__Escherichia_coli	0.1700921226
PWY0-166: superpathway of pyrimidine deoxyribonucleotides de novo biosynthesis (E. coli)	0.0000000000
PWY0-166: superpathway of pyrimidine deoxyribonucleotides de novo biosynthesis (E. coli)|g__Sutterella.s__Sutterella_wadsworthensis	0.0004248354
PWY0-166: superpathway of pyrimidine deoxyribonucleotides de novo biosynthesis (E. coli)|g__Veillonella.s__Veillonella_parvula	0.6248657795
PWY0-166: superpathway of pyrimidine deoxyribonucleotides de novo biosynthesis (E. coli)|g__Haemophilus.s__Haemophilus_parainfluenzae	0.0356538863
PWY0-166: superpathway of pyrimidine deoxyribonucleotides de novo biosynthesis (E. coli)|g__Veillonella.s__Veillonella_dispar	0.0000000000
PWY-7242: D-fructuronate degradation	0.0000000000
PWY-7242: D-fructuronate degradation|g__Faecalibacterium.s__Faecalibacterium_prausnitzii	0.9061743598
PWY-7242: D-fructuronate degradation|g__Escherichia.s__Escherichia_coli	0.8388577105
PWY0-1586: peptidoglycan maturation (meso-diaminopimelate containing)	0.0000000000
PWY0-1586: peptidoglycan maturation (meso-diaminopimelate containing)|g__Faecalibacterium.s__Faecalibacterium_prausnitzii	0.0000000000
PWY0-1586: peptidoglycan maturation (meso-diaminopimelate containing)|g__Bacteroides.s__Bacteroides_xylanisolvens	0.0000000000
PWY0-1586: peptidoglycan maturation (meso-diaminopimelate containing)|unclassified	0.0000000000
PWY0-1586: peptidoglycan maturation (meso-diaminopimelate containing)|g__Veillonella.s__Veillonella_parvula	0.9243958384
PWY0-1586: peptidoglycan maturation (meso-diaminopimelate containing)|g__Akkermansia.s__Akkermansia_muciniphila	0.0184464870
PWY0-1586: peptidoglycan maturation (meso-diaminopimelate containing)|g__Escherichia.s__Escherichia_coli	0.9550744536
RHAMCAT-PWY: L-rhamnose degradation I	0.0000000000
RHAMCAT-PWY: L-rhamnose degradation I|g__Bacteroides.s__Bacteroides_ovatus	0.0000271586
RHAMCAT-PWY: L-rhamnose degradation I|unclassified	0.0000000000
GALACTUROCAT-PWY: D-galacturonate degradation I	0.0000000000
GALACTUROCAT-PWY: D-galacturonate degradation I|g__Faecalibacterium.s__Faecalibacterium_prausnitzii	0.0096063493
GALACTUROCAT-PWY: D-galacturonate degradation I|unclassified	0.0000000000
GALACTUROCAT-PWY: D-galacturonate degradation I|g__Escherichia.s__Escherichia_coli	0.1483751874
TRNA-CHARGING-PWY: tRNA charging	0.0000000000
TRNA-CHARGING-PWY: tRNA charging|unclassified	0.0000000000
GLYCOLYSIS: glycolysis I (from glucose 6-phosphate)	0.0000000000
PWY-5484: glycolysis II (from fructose 6-phosphate)	0.0000000000
DENOVOPURINE2-PWY: superpathway of purine nucleotides de novo biosynthesis II	0.0000000000
PWY-7220: adenosine deoxyribonucleotides de novo biosynthesis II	0.0000000000
PWY-7220: adenosine deoxyribonucleotides de novo biosynthesis II|g__Haemophilus.s__Haemophilus_parainfluenzae	0.0006117412
PWY-7222: guanosine deoxyribonucleotides de novo biosynthesis II	0.0000000000
PWY-7222: guanosine deoxyribonucleotides de novo biosynthesis II|g__Haemophilus.s__Haemophilus_parainfluenzae	0.0006117412
PWY-5659: GDP-mannose biosynthesis	0.0000000000
PWY-5659: GDP-mannose biosynthesis|g__Bacteroides.s__Bacteroides_ovatus	0.8124059575
PWY-5659: GDP-mannose biosynthesis|g__Bacteroides.s__Bacteroides_xylanisolvens	0.0000000000
PWY-5659: GDP-mannose biosynthesis|g__Escherichia.s__Escherichia_coli	0.0000291408
PWY-7184: pyrimidine deoxyribonucleotides de novo biosynthesis I	0.0000000000
PWY-5686: UMP biosynthesis	0.0000000000
PWY-5686: UMP biosynthesis|g__Bacteroides.s__Bacteroides_fragilis	0.0000111512
PWY-5686: UMP biosynthesis|g__Bacteroides.s__Bacteroides_thetaiotaomicron	0.0833787939
PWY-5686: UMP biosynthesis|g__Escherichia.s__Escherichia_coli	0.0279421173
PWY-5686: UMP biosynthesis|g__Alistipes.s__Alistipes_finegoldii	0.4942969739
PWY-7187: pyrimidine deoxyribonucleotides de novo biosynthesis II	0.0000000000
PWY-7187: pyrimidine deoxyribonucleotides de novo biosynthesis II|g__Haemophilus.s__Haemophilus_parainfluenzae	0.0019438856
PWY-6151: S-adenosyl-L-methionine cycle I	0.0000000000
PWY-6151: S-adenosyl-L-methionine cycle I|unclassified	0.8636589733
PWY-6151: S-adenosyl-L-methionine cycle I|g__Anaerostipes.s__Anaerostipes_hadrus	0.0509502884
PWY-6151: S-adenosyl-L-methionine cycle I|g__Haemophilus.s__Haemophilus_parainfluenzae	0.6002408783
PWY-6151: S-adenosyl-L-methionine cycle I|g__Escherichia.s__Escherichia_coli	0.3696949771
PWY-6151: S-adenosyl-L-methionine cycle I|g__Clostridium.s__Clostridium_hathewayi	0.0000319091
COBALSYN-PWY: adenosylcobalamin salvage from cobinamide I	0.0000000000
COBALSYN-PWY: adenosylcobalamin salvage from cobinamide I|g__Faecalibacterium.s__Faecalibacterium_prausnitzii	0.0000000000
COBALSYN-PWY: adenosylcobalamin salvage from cobinamide I|g__Escherichia.s__Escherichia_coli	0.0097630083
PWY-6545: pyrimidine deoxyribonucleotides de novo biosynthesis III	0.0000000000
PWY-6121: 5-aminoimidazole ribonucleotide biosynthesis I	0.0000000000
PWY-6121: 5-aminoimidazole ribonucleotide biosynthesis I|unclassified	0.0000000863
PWY-6121: 5-aminoimidazole ribonucleotide biosynthesis I|g__Veillonella.s__Veillonella_atypica	0.8134002764
PWY-6123: inosine-5'-phosphate biosynthesis I	0.0000000000
PWY-6123: inosine-5'-phosphate biosynthesis I|g__Escherichia.s__Escherichia_coli	0.2764646811
PWY-6123: inosine-5'-phosphate biosynthesis I|g__Haemophilus.s__Haemophilus_parainfluenzae	0.0000133027
PWY-6123: inosine-5'-phosphate biosynthesis I|g__Streptococcus.s__Streptococcus_parasanguinis	0.2873501229
PWY-7400: L-arginine biosynthesis IV (archaebacteria)	0.0000000000
PWY-7400: L-arginine biosynthesis IV (archaebacteria)|g__Blautia.s__Ruminococcus_torques	0.0796098592
PWY-7400: L-arginine biosynthesis IV (archaebacteria)|g__Escherichia.s__Escherichia_coli	0.0774229334
PWY-7211: superpathway of pyrimidine deoxyribonucleotides de novo biosynthesis	0.0000000000
PWY-7210: pyrimidine deoxyribonucleotides biosynthesis from CTP	0.0000000000
HISTSYN-PWY: L-histidine biosynthesis	0.0000000000
HISTSYN-PWY: L-histidine biosynthesis|g__Veillonella.s__Veillonella_atypica	0.1829278863
HISTSYN-PWY: L-histidine biosynthesis|g__Bacteroides.s__Bacteroides_thetaiotaomicron	0.0700582805
HISTSYN-PWY: L-histidine biosynthesis|g__Escherichia.s__Escherichia_coli	0.1178743217
ARGSYN-PWY: L-arginine biosynthesis I (via L-ornithine)	0.0000000000
ARGSYN-PWY: L-arginine biosynthesis I (via L-ornithine)|g__Blautia.s__Ruminococcus_torques	0.0710836793
ARGSYN-PWY: L-arginine biosynthesis I (via L-ornithine)|g__Escherichia.s__Escherichia_coli	0.0737269343
PWY-6122: 5-aminoimidazole ribonucleotide biosynthesis II	0.0000000000
PWY-6122: 5-aminoimidazole ribonucleotide biosynthesis II|unclassified	0.0000000691
PWY-6122: 5-aminoimidazole ribonucleotide biosynthesis II|g__Veillonella.s__Veillonella_atypica	0.8169769927
PWY-6277: superpathway of 5-aminoimidazole ribonucleotide biosynthesis	0.0000000000
PWY-6277: superpathway of 5-aminoimidazole ribonucleotide biosynthesis|unclassified	0.0000000691
PWY-6277: superpathway of 5-aminoimidazole ribonucleotide biosynthesis|g__Veillonella.s__Veillonella_atypica	0.8169769927
PWY0-162: superpathway of pyrimidine ribonucleotides de novo biosynthesis	0.0000000000
PWY-7117: C4 photosynthetic carbon assimilation cycle, PEPCK type	0.0000000000
GLCMANNANAUT-PWY: superpathway of N-acetylglucosamine, N-acetylmannosamine and N-acetylneuraminate degradation	0.0000000000
GLCMANNANAUT-PWY: superpathway of N-acetylglucosamine, N-acetylmannosamine and N-acetylneuraminate degradation|g__Blautia.s__Ruminococcus_torques	0.9999999860
GLCMANNANAUT-PWY: superpathway of N-acetylglucosamine, N-acetylmannosamine and N-acetylneuraminate degradation|g__Escherichia.s__Escherichia_coli	0.2255307854
PWY-5100: pyruvate fermentation to acetate and lactate II	0.0000000000
PWY-5100: pyruvate fermentation to acetate and lactate II|unclassified	0.0000000000
PWY-5100: pyruvate fermentation to acetate and lactate II|g__Roseburia.s__Roseburia_intestinalis	0.4771378025
PWY-5100: pyruvate fermentation to acetate and lactate II|g__Anaerostipes.s__Anaerostipes_hadrus	0.0003619257
PWY0-1296: purine ribonucleosides degradation	0.0000000000
PWY0-1296: purine ribonucleosides degradation|unclassified	0.0000000000
PWY0-1296: purine ribonucleosides degradation|g__Blautia.s__Ruminococcus_torques	0.1851866541
PWY0-1296: purine ribonucleosides degradation|g__Escherichia.s__Escherichia_coli	0.4598316333
PWY0-1296: purine ribonucleosides degradation|g__Streptococcus.s__Streptococcus_parasanguinis	0.8214156522
PWY0-1296: purine ribonucleosides degradation|g__Streptococcus.s__Streptococcus_salivarius	0.0688231959
PWY-7199: pyrimidine deoxyribonucleosides salvage	0.0000000000
PWY-7199: pyrimidine deoxyribonucleosides salvage|unclassified	0.0000000000
PWY-7199: pyrimidine deoxyribonucleosides salvage|g__Haemophilus.s__Haemophilus_parainfluenzae	0.0880343118
PWY-7199: pyrimidine deoxyribonucleosides salvage|g__Escherichia.s__Escherichia_coli	0.2752459803
PWY-7199: pyrimidine deoxyribonucleosides salvage|g__Streptococcus.s__Streptococcus_parasanguinis	0.1722157326
PWY-5695: urate biosynthesis/inosine 5'-phosphate degradation	0.0000000000
PWY-5695: urate biosynthesis/inosine 5'-phosphate degradation|g__Roseburia.s__Roseburia_intestinalis	0.3336244574
PWY-5695: urate biosynthesis/inosine 5'-phosphate degradation|g__Escherichia.s__Escherichia_coli	0.3585389106
SER-GLYSYN-PWY: superpathway of L-serine and glycine biosynthesis I	0.0000000000
SER-GLYSYN-PWY: superpathway of L-serine and glycine biosynthesis I|unclassified	0.0000000005
SER-GLYSYN-PWY: superpathway of L-serine and glycine biosynthesis I|g__Blautia.s__Ruminococcus_torques	0.2182028580
SER-GLYSYN-PWY: superpathway of L-serine and glycine biosynthesis I|g__Escherichia.s__Escherichia_coli	0.0002195211
PWY-5913: TCA cycle VI (obligate autotrophs)	0.0000000000
PWY-7208: superpathway of pyrimidine nucleobases salvage	0.0000000000
MET-SAM-PWY: superpathway of S-adenosyl-L-methionine biosynthesis	0.0000000000
MET-SAM-PWY: superpathway of S-adenosyl-L-methionine biosynthesis|unclassified	0.0000000000
PWY-5347: superpathway of L-methionine biosynthesis (transsulfuration)	0.0000000000
PWY-5347: superpathway of L-methionine biosynthesis (transsulfuration)|unclassified	0.0000000000
PWY-5347: superpathway of L-methionine biosynthesis (transsulfuration)|g__Blautia.s__Ruminococcus_torques	0.0007458818
PWY-5347: superpathway of L-methionine biosynthesis (transsulfuration)|g__Anaerostipes.s__Anaerostipes_hadrus	0.0201865568
PWY-5347: superpathway of L-methionine biosynthesis (transsulfuration)|g__Escherichia.s__Escherichia_coli	0.0000811265
PYRIDNUCSYN-PWY: NAD biosynthesis I (from aspartate)	0.0000000000
PYRIDNUCSYN-PWY: NAD biosynthesis I (from aspartate)|g__Roseburia.s__Roseburia_intestinalis	0.0004554444
PYRIDNUCSYN-PWY: NAD biosynthesis I (from aspartate)|g__Escherichia.s__Escherichia_coli	0.0546942586
PWY-5154: L-arginine biosynthesis III (via N-acetyl-L-citrulline)	0.0000000000
CITRULBIO-PWY: L-citrulline biosynthesis	0.0000000000
METSYN-PWY: L-homoserine and L-methionine biosynthesis	0.0000000000
METSYN-PWY: L-homoserine and L-methionine biosynthesis|unclassified	0.0000000000
METSYN-PWY: L-homoserine and L-methionine biosynthesis|g__Blautia.s__Ruminococcus_torques	0.0006408756
METSYN-PWY: L-homoserine and L-methionine biosynthesis|g__Anaerostipes.s__Anaerostipes_hadrus	0.0175997124
METSYN-PWY: L-homoserine and L-methionine biosynthesis|g__Escherichia.s__Escherichia_coli	0.0000695378
PWY-6305: putrescine biosynthesis IV	0.0000000000
PWY-6305: putrescine biosynthesis IV|g__Faecalibacterium.s__Faecalibacterium_prausnitzii	0.0000000000
PWY-6305: putrescine biosynthesis IV|unclassified	0.0000000000
PWY-6305: putrescine biosynthesis IV|g__Blautia.s__Ruminococcus_torques	0.1389762294
PWY-6305: putrescine biosynthesis IV|g__Escherichia.s__Escherichia_coli	0.1597010726
HEXITOLDEGSUPER-PWY: superpathway of hexitol degradation (bacteria)	0.0000000000
PWY0-1479: tRNA processing	0.0000000000
PWY0-1479: tRNA processing|g__Sutterella.s__Sutterella_wadsworthensis	0.3559988872
ARG+POLYAMINE-SYN: superpathway of arginine and polyamine biosynthesis	0.0000000000
FERMENTATION-PWY: mixed acid fermentation	0.0000000000
PWY-6609: adenine and adenosine salvage III	0.0000000000
PWY-6609: adenine and adenosine salvage III|unclassified	0.0000000000
PWY-6609: adenine and adenosine salvage III|g__Blautia.s__Ruminococcus_torques	0.1727358138
PWY-6609: adenine and adenosine salvage III|g__Escherichia.s__Escherichia_coli	0.6106171455
PWY-6609: adenine and adenosine salvage III|g__Streptococcus.s__Streptococcus_parasanguinis	0.7808462761
PWY-6609: adenine and adenosine salvage III|g__Streptococcus.s__Streptococcus_salivarius	0.6773923603
THISYN-PWY: superpathway of thiamin diphosphate biosynthesis I	0.0000000000
PWY66-399: gluconeogenesis III	0.0000000000
PWY0-845: superpathway of pyridoxal 5'-phosphate biosynthesis and salvage	0.0000000000
ASPASN-PWY: superpathway of L-aspartate and L-asparagine biosynthesis	0.0000000000
ASPASN-PWY: superpathway of L-aspartate and L-asparagine biosynthesis|g__Escherichia.s__Escherichia_coli	0.7559365114
ASPASN-PWY: superpathway of L-aspartate and L-asparagine biosynthesis|g__Haemophilus.s__Haemophilus_parainfluenzae	0.0000018325
POLYAMSYN-PWY: superpathway of polyamine biosynthesis I	0.0000000000
PWY-6628: superpathway of L-phenylalanine biosynthesis	0.0000000000
PWY-6628: superpathway of L-phenylalanine biosynthesis|g__Escherichia.s__Escherichia_coli	0.2624783294
PWY-841: superpathway of purine nucleotides de novo biosynthesis I	0.0000000000
HOMOSER-METSYN-PWY: L-methionine biosynthesis I	0.0000000000
HOMOSER-METSYN-PWY: L-methionine biosynthesis I|g__Anaerostipes.s__Anaerostipes_hadrus	0.3952790811
HOMOSER-METSYN-PWY: L-methionine biosynthesis I|unclassified	0.0000000000
HOMOSER-METSYN-PWY: L-methionine biosynthesis I|g__Blautia.s__Ruminococcus_torques	0.0003205546
HOMOSER-METSYN-PWY: L-methionine biosynthesis I|g__Escherichia.s__Escherichia_coli	0.1768057319
HOMOSER-METSYN-PWY: L-methionine biosynthesis I|g__Ruminococcus.s__Ruminococcus_bromii	0.5022973919
PWY0-1261: anhydromuropeptides recycling	0.0000000000
PWY0-1261: anhydromuropeptides recycling|g__Escherichia.s__Escherichia_coli	0.6760668587
PWY-5973: cis-vaccenate biosynthesis	0.0000000000
PRPP-PWY: superpathway of histidine, purine, and pyrimidine biosynthesis	0.0000000000
RIBOSYN2-PWY: flavin biosynthesis I (bacteria and plants)	0.0000000000
RIBOSYN2-PWY: flavin biosynthesis I (bacteria and plants)|g__Escherichia.s__Escherichia_coli	0.0056173038
PWY0-781: aspartate superpathway	0.0000000000
SALVADEHYPOX-PWY: adenosine nucleotides degradation II	0.0000000000
SALVADEHYPOX-PWY: adenosine nucleotides degradation II|g__Escherichia.s__Escherichia_coli	0.5683539780
GLUTORN-PWY: L-ornithine biosynthesis	0.0000000000
GLUTORN-PWY: L-ornithine biosynthesis|g__Blautia.s__Ruminococcus_torques	0.2724853581
GLUTORN-PWY: L-ornithine biosynthesis|g__Escherichia.s__Escherichia_coli	0.0451895790
P4-PWY: superpathway of L-lysine, L-threonine and L-methionine biosynthesis I	0.0000000000
P4-PWY: superpathway of L-lysine, L-threonine and L-methionine biosynthesis I|g__Escherichia.s__Escherichia_coli	0.0001845311
P441-PWY: superpathway of N-acetylneuraminate degradation	0.0000000000
TCA: TCA cycle I (prokaryotic)	0.0000000000
TCA: TCA cycle I (prokaryotic)|g__Escherichia.s__Escherichia_coli	0.7790769671
SULFATE-CYS-PWY: superpathway of sulfate assimilation and cysteine biosynthesis	0.0000000000
SULFATE-CYS-PWY: superpathway of sulfate assimilation and cysteine biosynthesis|g__Escherichia.s__Escherichia_coli	0.0004937718
P42-PWY: incomplete reductive TCA cycle	0.0000000000
OANTIGEN-PWY: O-antigen building blocks biosynthesis (E. coli)	0.0000000000
PWY-5345: superpathway of L-methionine biosynthesis (by sulfhydrylation)	0.0000000000
PWY-2941: L-lysine biosynthesis II	0.0000000000
PWY-6353: purine nucleotides degradation II (aerobic)	0.0000000000
PWY-6901: superpathway of glucose and xylose degradation	0.0000000000
PWY-6969: TCA cycle V (2-oxoglutarate:ferredoxin oxidoreductase)	0.0000000000
PWY-6969: TCA cycle V (2-oxoglutarate:ferredoxin oxidoreductase)|g__Escherichia.s__Escherichia_coli	0.7644631664
ARGSYNBSUB-PWY: L-arginine biosynthesis II (acetyl cycle)	0.0000000000
PWY-6630: superpathway of L-tyrosine biosynthesis	0.0000000000
PWY-6630: superpathway of L-tyrosine biosynthesis|g__Escherichia.s__Escherichia_coli	0.0082645717
HSERMETANA-PWY: L-methionine biosynthesis III	0.0000000000
PYRIDNUCSAL-PWY: NAD salvage pathway I	0.0000000000
DAPLYSINESYN-PWY: L-lysine biosynthesis I	0.0000000000
DAPLYSINESYN-PWY: L-lysine biosynthesis I|g__Escherichia.s__Escherichia_coli	0.0284993608
PYRIDOXSYN-PWY: pyridoxal 5'-phosphate biosynthesis I	0.0000000000
P162-PWY: L-glutamate degradation V (via hydroxyglutarate)	0.0000000000
P162-PWY: L-glutamate degradation V (via hydroxyglutarate)|unclassified	0.0000000000
PWY-7383: anaerobic energy metabolism (invertebrates, cytosol)	0.0000000000
PWY-5971: palmitate biosynthesis II (bacteria and plants)	0.0000000000
PWY-6113: superpathway of mycolate biosynthesis	0.0000000000
PWY-6285: superpathway of fatty acids biosynthesis (E. coli)	0.0000000000
PWY-5690: TCA cycle II (plants and fungi)	0.0000000000
P461-PWY: hexitol fermentation to lactate, formate, ethanol and acetate	0.0000000000
P461-PWY: hexitol fermentation to lactate, formate, ethanol and acetate|g__Anaerostipes.s__Anaerostipes_hadrus	0.7208128926
P461-PWY: hexitol fermentation to lactate, formate, ethanol and acetate|g__Escherichia.s__Escherichia_coli	0.9649158072
PWY-6897: thiamin salvage II	0.0000000000
PWY-6897: thiamin salvage II|g__Escherichia.s__Escherichia_coli	0.3809485886
PWY-7204: pyridoxal 5'-phosphate salvage II (plants)	0.0000000000
PWY-6284: superpathway of unsaturated fatty acids biosynthesis (E. coli)	0.0000000000
BIOTIN-BIOSYNTHESIS-PWY: biotin biosynthesis I	0.0000000000
BIOTIN-BIOSYNTHESIS-PWY: biotin biosynthesis I|g__Escherichia.s__Escherichia_coli	0.1500985628
FASYN-ELONG-PWY: fatty acid elongation -- saturated	0.0000000000
FASYN-ELONG-PWY: fatty acid elongation -- saturated|g__Escherichia.s__Escherichia_coli	0.3229204770
PWY-7663: gondoate biosynthesis (anaerobic)	0.0000000000
PWY-7663: gondoate biosynthesis (anaerobic)|g__Escherichia.s__Escherichia_coli	0.3229204770
SO4ASSIM-PWY: sulfate reduction I (assimilatory)	0.0000000000
SO4ASSIM-PWY: sulfate reduction I (assimilatory)|g__Escherichia.s__Escherichia_coli	0.4950147182
PWY-5989: stearate biosynthesis II (bacteria and plants)	0.0000000000
P164-PWY: purine nucleobases degradation I (anaerobic)	0.0000000000
P164-PWY: purine nucleobases degradation I (anaerobic)|unclassified	0.0000000000
UDPNAGSYN-PWY: UDP-N-acetyl-D-glucosamine biosynthesis I	0.0000000000
UDPNAGSYN-PWY: UDP-N-acetyl-D-glucosamine biosynthesis I|g__Streptococcus.s__Streptococcus_salivarius	0.4263885625
UDPNAGSYN-PWY: UDP-N-acetyl-D-glucosamine biosynthesis I|g__Bifidobacterium.s__Bifidobacterium_adolescentis	0.0744698239
PWY-5101: L-isoleucine biosynthesis II	0.0000000000
PWY-7357: thiamin formation from pyrithiamine and oxythiamine (yeast)	0.0000000000
PWY-7357: thiamin formation from pyrithiamine and oxythiamine (yeast)|g__Escherichia.s__Escherichia_coli	0.3220685326
PWYG-321: mycolate biosynthesis	0.0000000000
PWY-7664: oleate biosynthesis IV (anaerobic)	0.0000000000
PWY-7664: oleate biosynthesis IV (anaerobic)|g__Escherichia.s__Escherichia_coli	0.2186532807
PWY-6282: palmitoleate biosynthesis I (from (5Z)-dodec-5-enoate)	0.0000000000
PENTOSE-P-PWY: pentose phosphate pathway	0.0000000000
PWY-6608: guanosine nucleotides degradation III	0.0000000000
ENTBACSYN-PWY: enterobactin biosynthesis	0.0000000000
ENTBACSYN-PWY: enterobactin biosynthesis|g__Escherichia.s__Escherichia_coli	0.5133845015
FAO-PWY: fatty acid &beta;-oxidation I	0.0000000000
FAO-PWY: fatty acid &beta;-oxidation I|g__Escherichia.s__Escherichia_coli	0.0304740163
PWY-6519: 8-amino-7-oxononanoate biosynthesis I	0.0000000000
PWY-6519: 8-amino-7-oxononanoate biosynthesis I|g__Escherichia.s__Escherichia_coli	0.1296397682
PWY0-862: (5Z)-dodec-5-enoate biosynthesis	0.0000000000
PWY0-862: (5Z)-dodec-5-enoate biosynthesis|g__Escherichia.s__Escherichia_coli	0.1528490739
PWY-5188: tetrapyrrole biosynthesis I (from glutamate)	0.0000000000
PWY-5188: tetrapyrrole biosynthesis I (from glutamate)|g__Escherichia.s__Escherichia_coli	0.0864025848
PWY66-398: TCA cycle III (animals)	0.0000000000
PWY-1269: CMP-3-deoxy-D-manno-octulosonate biosynthesis I	0.0000000000
PWY-1269: CMP-3-deoxy-D-manno-octulosonate biosynthesis I|g__Escherichia.s__Escherichia_coli	0.0221391238
PWY0-1297: superpathway of purine deoxyribonucleosides degradation	0.0000000000
PWY0-1297: superpathway of purine deoxyribonucleosides degradation|unclassified	0.0000000000
PWY0-1297: superpathway of purine deoxyribonucleosides degradation|g__Escherichia.s__Escherichia_coli	0.0681447486
NAGLIPASYN-PWY: lipid IVA biosynthesis	0.0000000000
NAGLIPASYN-PWY: lipid IVA biosynthesis|g__Escherichia.s__Escherichia_coli	0.0001909358
FUC-RHAMCAT-PWY: superpathway of fucose and rhamnose degradation	0.0000000000
PWY-6892: thiazole biosynthesis I (E. coli)	0.0000000000
GLUCOSE1PMETAB-PWY: glucose and glucose-1-phosphate degradation	0.0000000000
GLUCOSE1PMETAB-PWY: glucose and glucose-1-phosphate degradation|g__Escherichia.s__Escherichia_coli	0.8803033376
GLYCOLYSIS-E-D: superpathway of glycolysis and Entner-Doudoroff	0.0000000000
PWY-6700: queuosine biosynthesis	0.0000000000
PWY-6124: inosine-5'-phosphate biosynthesis II	0.0000000000
PWY-6124: inosine-5'-phosphate biosynthesis II|g__Escherichia.s__Escherichia_coli	0.2416270680
PWY-6124: inosine-5'-phosphate biosynthesis II|g__Haemophilus.s__Haemophilus_parainfluenzae	0.0000110856
HEMESYN2-PWY: heme biosynthesis II (anaerobic)	0.0000000000
PWY-6936: seleno-amino acid biosynthesis	0.0000000000
PWY-6936: seleno-amino acid biosynthesis|g__Escherichia.s__Escherichia_coli	0.2802741646
PWY-5840: superpathway of menaquinol-7 biosynthesis	0.0000000000
GLYCOLYSIS-TCA-GLYOX-BYPASS: superpathway of glycolysis, pyruvate dehydrogenase, TCA, and glyoxylate bypass	0.0000000000
PWY-5897: superpathway of menaquinol-11 biosynthesis	0.0000000000
PWY-5897: superpathway of menaquinol-11 biosynthesis|g__Escherichia.s__Escherichia_coli	0.0809304376
PWY-5898: superpathway of menaquinol-12 biosynthesis	0.0000000000
PWY-5898: superpathway of menaquinol-12 biosynthesis|g__Escherichia.s__Escherichia_coli	0.0809304376
PWY-5899: superpathway of menaquinol-13 biosynthesis	0.0000000000
PWY-5899: superpathway of menaquinol-13 biosynthesis|g__Escherichia.s__Escherichia_coli	0.0809304376
PWY0-1298: superpathway of pyrimidine deoxyribonucleosides degradation	0.0000000000
PWY-5838: superpathway of menaquinol-8 biosynthesis I	0.0000000000
PWY-5838: superpathway of menaquinol-8 biosynthesis I|g__Escherichia.s__Escherichia_coli	0.0895303872
P105-PWY: TCA cycle IV (2-oxoglutarate decarboxylase)	0.0000000000
P105-PWY: TCA cycle IV (2-oxoglutarate decarboxylase)|g__Escherichia.s__Escherichia_coli	0.7644631664
PPGPPMET-PWY: ppGpp biosynthesis	0.0000000000
PWY-5918: superpathay of heme biosynthesis from glutamate	0.0000000000
LACTOSECAT-PWY: lactose and galactose degradation I	0.0000000000
LACTOSECAT-PWY: lactose and galactose degradation I|g__Streptococcus.s__Streptococcus_parasanguinis	0.5571537246
PWY-5030: L-histidine degradation III	0.0000000000
NAD-BIOSYNTHESIS-II: NAD salvage pathway II	0.0000000000
NAD-BIOSYNTHESIS-II: NAD salvage pathway II|g__Escherichia.s__Escherichia_coli	0.2986904344
COLANSYN-PWY: colanic acid building blocks biosynthesis	0.0000000000
COLANSYN-PWY: colanic acid building blocks biosynthesis|g__Escherichia.s__Escherichia_coli	0.0000726338
PWY-5121: superpathway of geranylgeranyl diphosphate biosynthesis II (via MEP)	0.0000000000
PWY-7269: NAD/NADP-NADH/NADPH mitochondrial interconversion (yeast)	0.0000000000
PWY-7269: NAD/NADP-NADH/NADPH mitochondrial interconversion (yeast)|g__Escherichia.s__Escherichia_coli	0.5345118167
PWY0-1241: ADP-L-glycero-&beta;-D-manno-heptose biosynthesis	0.0000000000
PWY0-1241: ADP-L-glycero-&beta;-D-manno-heptose biosynthesis|g__Escherichia.s__Escherichia_coli	0.4618396448
PWY-5861: superpathway of demethylmenaquinol-8 biosynthesis	0.0000000000
PWY-5861: superpathway of demethylmenaquinol-8 biosynthesis|g__Escherichia.s__Escherichia_coli	0.0636180576
PWY-5022: 4-aminobutanoate degradation V	0.0000000000
HEME-BIOSYNTHESIS-II: heme biosynthesis I (aerobic)	0.0000000000
PWY0-1415: superpathway of heme biosynthesis from uroporphyrinogen-III	0.0000000000
FUCCAT-PWY: fucose degradation	0.0000000000
FUCCAT-PWY: fucose degradation|g__Escherichia.s__Escherichia_coli	0.6221852362
ARGORNPROST-PWY: arginine, ornithine and proline interconversion	0.0000000000
PWY0-1061: superpathway of L-alanine biosynthesis	0.0000000000
PWY0-1061: superpathway of L-alanine biosynthesis|g__Escherichia.s__Escherichia_coli	0.0936858114
GLYOXYLATE-BYPASS: glyoxylate cycle	0.0000000000
GLYOXYLATE-BYPASS: glyoxylate cycle|g__Escherichia.s__Escherichia_coli	0.7122513179
TCA-GLYOX-BYPASS: superpathway of glyoxylate bypass and TCA	0.0000000000
TCA-GLYOX-BYPASS: superpathway of glyoxylate bypass and TCA|g__Escherichia.s__Escherichia_coli	0.6307220023
PWY-5384: sucrose degradation IV (sucrose phosphorylase)	0.0000000000
PWY-5384: sucrose degradation IV (sucrose phosphorylase)|g__Roseburia.s__Roseburia_intestinalis	0.1478761434
PWY-5384: sucrose degradation IV (sucrose phosphorylase)|g__Escherichia.s__Escherichia_coli	0.0773556966
PWY-4041: &gamma;-glutamyl cycle	0.0000000000
PWY-4041: &gamma;-glutamyl cycle|g__Escherichia.s__Escherichia_coli	0.9353778094
PWY-6606: guanosine nucleotides degradation II	0.0000000000
LPSSYN-PWY: superpathway of lipopolysaccharide biosynthesis	0.0000000000
LPSSYN-PWY: superpathway of lipopolysaccharide biosynthesis|g__Escherichia.s__Escherichia_coli	0.0006065253
GLYCOGENSYNTH-PWY: glycogen biosynthesis I (from ADP-D-Glucose)	0.0000000000
PWY-5863: superpathway of phylloquinol biosynthesis	0.0000000000
REDCITCYC: TCA cycle VIII (helicobacter)	0.0000000000
PWY-6803: phosphatidylcholine acyl editing	0.0000000000
PWY-6803: phosphatidylcholine acyl editing|g__Escherichia.s__Escherichia_coli	0.6734940184
PWY-6595: superpathway of guanosine nucleotides degradation (plants)	0.0000000000
PWY-5464: superpathway of cytosolic glycolysis (plants), pyruvate dehydrogenase and TCA cycle	0.0000000000
PWY-5791: 1,4-dihydroxy-2-naphthoate biosynthesis II (plants)	0.0000000000
PWY-5791: 1,4-dihydroxy-2-naphthoate biosynthesis II (plants)|g__Escherichia.s__Escherichia_coli	0.0336832771
PWY-5837: 1,4-dihydroxy-2-naphthoate biosynthesis I	0.0000000000
PWY-5837: 1,4-dihydroxy-2-naphthoate biosynthesis I|g__Escherichia.s__Escherichia_coli	0.0336832771
GLYCOCAT-PWY: glycogen degradation I (bacterial)	0.0000000000
ALL-CHORISMATE-PWY: superpathway of chorismate metabolism	0.0000000000
PWY-7237: myo-, chiro- and scillo-inositol degradation	0.0000000000
PWY-7237: myo-, chiro- and scillo-inositol degradation|unclassified	0.0000000000
PWY-6507: 4-deoxy-L-threo-hex-4-enopyranuronate degradation	0.0000000000
PWY-6507: 4-deoxy-L-threo-hex-4-enopyranuronate degradation|g__Escherichia.s__Escherichia_coli	0.0144476562
PWY-7315: dTDP-N-acetylthomosamine biosynthesis	0.0000000000
PWY-7315: dTDP-N-acetylthomosamine biosynthesis|g__Escherichia.s__Escherichia_coli	0.4637661068
KDO-NAGLIPASYN-PWY: superpathway of (Kdo)2-lipid A biosynthesis	0.0000000000
KDO-NAGLIPASYN-PWY: superpathway of (Kdo)2-lipid A biosynthesis|g__Escherichia.s__Escherichia_coli	0.0013630384
POLYISOPRENSYN-PWY: polyisoprenoid biosynthesis (E. coli)	0.0000000000
POLYISOPRENSYN-PWY: polyisoprenoid biosynthesis (E. coli)|g__Escherichia.s__Escherichia_coli	0.2247752632
HISDEG-PWY: L-histidine degradation I	0.0000000000
HISDEG-PWY: L-histidine degradation I|g__Streptococcus.s__Streptococcus_parasanguinis	0.5131432683
PWY4FS-7: phosphatidylglycerol biosynthesis I (plastidic)	0.0000000000
PWY4FS-8: phosphatidylglycerol biosynthesis II (non-plastidic)	0.0000000000
PWY-7013: L-1,2-propanediol degradation	0.0000000000
PWY-7013: L-1,2-propanediol degradation|g__Escherichia.s__Escherichia_coli	0.1219736518
PWY-5138: unsaturated, even numbered fatty acid &beta;-oxidation	0.0000000000
PWY-5138: unsaturated, even numbered fatty acid &beta;-oxidation|g__Escherichia.s__Escherichia_coli	0.0237714009
PHOSLIPSYN-PWY: superpathway of phospholipid biosynthesis I (bacteria)	0.0000000000
PHOSLIPSYN-PWY: superpathway of phospholipid biosynthesis I (bacteria)|g__Escherichia.s__Escherichia_coli	0.0038946214
PWY-7446: sulfoglycolysis	0.0000000000
PWY-7446: sulfoglycolysis|g__Escherichia.s__Escherichia_coli	0.2588339788
PWY-6467: Kdo transfer to lipid IVA III (Chlamydia)	0.0000000000
PWY-6467: Kdo transfer to lipid IVA III (Chlamydia)|g__Escherichia.s__Escherichia_coli	0.2768854760
PWY0-1338: polymyxin resistance	0.0000000000
PWY0-1338: polymyxin resistance|g__Escherichia.s__Escherichia_coli	0.0535721713
PWY0-1319: CDP-diacylglycerol biosynthesis II	0.0000000000
PWY0-1319: CDP-diacylglycerol biosynthesis II|g__Escherichia.s__Escherichia_coli	0.0031181262
PWY-5667: CDP-diacylglycerol biosynthesis I	0.0000000000
PWY-5667: CDP-diacylglycerol biosynthesis I|g__Escherichia.s__Escherichia_coli	0.0031181262
KETOGLUCONMET-PWY: ketogluconate metabolism	0.0000000000
PWY-5705: allantoin degradation to glyoxylate III	0.0000000000
UBISYN-PWY: superpathway of ubiquinol-8 biosynthesis (prokaryotic)	0.0000000000
METHGLYUT-PWY: superpathway of methylglyoxal degradation	0.0000000000
ORNDEG-PWY: superpathway of ornithine degradation	0.0000000000
ORNDEG-PWY: superpathway of ornithine degradation|g__Escherichia.s__Escherichia_coli	0.0133653150
PWY-5855: ubiquinol-7 biosynthesis (prokaryotic)	0.0000000000
PWY-5856: ubiquinol-9 biosynthesis (prokaryotic)	0.0000000000
PWY-5857: ubiquinol-10 biosynthesis (prokaryotic)	0.0000000000
PWY-6708: ubiquinol-8 biosynthesis (prokaryotic)	0.0000000000
PWY-7371: 1,4-dihydroxy-6-naphthoate biosynthesis II	0.0000000000
PWY-7371: 1,4-dihydroxy-6-naphthoate biosynthesis II|g__Alistipes.s__Alistipes_finegoldii	0.8265273622
PWY0-1533: methylphosphonate degradation I	0.0000000000
PWY0-1533: methylphosphonate degradation I|g__Escherichia.s__Escherichia_coli	0.0030834347
PWY-7039: phosphatidate metabolism, as a signaling molecule	0.0000000000
PWY-7039: phosphatidate metabolism, as a signaling molecule|g__Escherichia.s__Escherichia_coli	0.0106704913